{
  "MONGO_HOSTNAME": {
		"type": "string",
		"default": "localhost",
		"required": true
	},
	"MONGO_DB_NAME": {
		"type": "string",
    "test": "fhir-test",
		"development": "fhir-development",
    "default": "fhir",
		"required": true
	},
	"LOGGING_LEVEL": {
		"type": "string",
		"default": "debug"
	},
	"SERVER_PORT": {
		"type": "number",
		"default": 3000
	},
	"SSL_KEY": {
		"type": "string"
	},
	"SSL_CERT": {
		"type": "string"
	},
  "RESOURCE_SERVER": {
    "type": "string",
    "default": "http://localhost:3000"
  },
  "AUTH_SERVER_URI": {
    "type": "string",
    "default": "http://localhost:3000"
  },
  "WHITELIST": {
    "type": "string",
    "default": "http://localhost"
  },
  "CLIENT_ID": {
    "type": "string"
  },
  "CLIENT_SECRET": {
    "type": "string"
  },
  "INTROSPECTION_URL": {
    "type": "string"
  }

}
